{
  "rtime": 12.349983930587769,
  "utime": 2.389632,
  "stime": 0.186599,
  "cutime": 13.149601,
  "cstime": 0.810903,
  "minor_gb": 1.929653376340866,
  "promoted_gb": 0.1393776759505272,
  "major_gb": 0.1434130296111107,
  "allocated_gb": 1.9336887300014496,
  "minor_collections": 259,
  "major_collections": 5,
  "compactions": 0,
  "top_heap_gb": 0.1051483154296875,
  "stack_kb": 0.3671875,
  "minor_heap_kb": 8192.0,
  "attributes_table": {
    "num_bindings": 0,
    "num_buckets": 16,
    "max_bucket_length": 0
  }
}